movie_id,movie_rank,movie_title,movie_runtime,movie_year,movie_rating,movie_votes
tt7286456,1,Joker,2h 2mR,2019,8.4,"1,422,218"
tt4154796,2,Avengers: Endgame,3h 1mPG-13,2019,8.4,"1,227,564"
tt4154756,3,Avengers: Infinity War,2h 29mPG-13,2018,8.4,"1,167,536"
tt6751668,4,Parasite,2h 12mR,2019,8.5,"903,939"
tt1825683,5,Black Panther,2h 14mPG-13,2018,7.3,"820,837"
tt7131622,6,Once Upon a Time in Hollywood,2h 41mR,2019,7.6,"809,786"
tt8946378,7,Knives Out,2h 10mPG-13,2019,7.9,"747,547"
tt8579674,8,1917,1h 59mR,2019,8.2,"650,257"
tt4633694,9,Spider-Man: Into the Spider-Verse,1h 57mPG,2018,8.4,"641,118"
tt5463162,10, Deadpool 2,1h 59mR,2018,7.6,"624,815"
tt4154664,11, Captain Marvel,2h 3mPG-13,2019,6.8,"597,379"
tt1727824,12, Bohemian Rhapsody,2h 14mPG-13,2018,7.9,"574,079"
tt6723592,13, Tenet,2h 30mPG-13,2020,7.3,"568,337"
tt6644200,14, A Quiet Place,1h 30mPG-13,2018,7.5,"567,953"
tt6966692,15, Green Book,2h 10mPG-13,2018,8.2,"542,702"
tt6320628,16, Spider-Man: Far from Home,2h 9mPG-13,2019,7.4,"537,741"
tt1270797,17, Venom,1h 52mPG-13,2018,6.6,"523,643"
tt1477834,18, Aquaman,2h 23mPG-13,2018,6.8,"505,411"
tt2527338,19, Star Wars: Episode IX - The Rise of Skywalker,2h 21mPG-13,2019,6.4,"480,882"
tt1677720,20, Ready Player One,2h 20mPG-13,2018,7.4,"468,943"
tt1950186,21, Ford v Ferrari,2h 32mPG-13,2019,8.1,"444,406"
tt5095030,22, Ant-Man and the Wasp,1h 58mPG-13,2018,7.0,"438,666"
tt2584384,23, Jojo Rabbit,1h 48mPG-13,2019,7.9,"426,395"
tt1302006,24, The Irishman,3h 29mR,2019,7.8,"418,772"
tt6146586,25, John Wick: Chapter 3 - Parabellum,2h 10mR,2019,7.4,"411,173"
tt1517451,26, A Star Is Born,2h 16mR,2018,7.6,"408,433"
tt8772262,27, Midsommar,2h 28mR,2019,7.1,"378,718"
tt0448115,28, Shazam!,2h 12mPG-13,2019,7.0,"375,801"
tt8367814,29, The Gentlemen,1h 53mR,2019,7.8,"375,607"
tt2737304,30, Bird Box,2h 4mR,2018,6.6,"375,423"
tt3778644,31, Solo: A Star Wars Story,2h 15mPG-13,2018,6.9,"370,847"
tt4912910,32, Mission: Impossible - Fallout,2h 27mPG-13,2018,7.7,"368,539"
tt2948372,33, Soul,1h 40mPG,2020,8.0,"362,437"
tt7784604,34, Hereditary,2h 7mR,2018,7.3,"361,849"
tt2798920,35, Annihilation,1h 55mR,2018,6.8,"351,797"
tt4881806,36, Jurassic World: Fallen Kingdom,2h 8mPG-13,2018,6.1,"336,377"
tt7653254,37, Marriage Story,2h 17mR,2019,7.9,"335,814"
tt6857112,38, Us,1h 56mR,2019,6.8,"330,835"
tt3606756,39, Incredibles 2,1h 58mPG,2018,7.6,"321,021"
tt5727208,40, Uncut Gems,2h 15mR,2019,7.4,"307,604"
tt4123430,41, Fantastic Beasts: The Crimes of Grindelwald,2h 14mPG-13,2018,6.5,"301,523"
tt7349950,42, It Chapter Two,2h 49mR,2019,6.5,"292,974"
tt0437086,43, Alita: Battle Angel,2h 2mPG-13,2019,7.3,"286,837"
tt7126948,44, Wonder Woman 1984,2h 31mPG-13,2020,5.4,"286,182"
tt6139732,45, Aladdin,2h 8mPG,2019,6.9,"284,021"
tt7349662,46, BlacKkKlansman,2h 15mR,2018,7.5,"283,407"
tt9243946,47, El Camino: A Breaking Bad Movie,2h 2mTV-MA,2019,7.3,"281,195"
tt7975244,48, Jumanji: The Next Level,2h 3mPG-13,2019,6.7,"273,028"
tt1979376,49, Toy Story 4,1h 40mG,2019,7.7,"271,780"
tt8332922,50, A Quiet Place Part II,1h 37mPG-13,2020,7.2,"262,410"
tt6105098,51, The Lion King,1h 58mPG,2019,6.8,"261,359"
tt6823368,52, Glass,2h 9mPG-13,2019,6.6,"260,948"
tt8228288,53, The Platform,1h 34mTV-MA,2019,7.0,"259,815"
tt7713068,54, Birds of Prey,1h 49mR,2020,6.1,"258,344"
tt2935510,55, Ad Astra,2h 3mPG-13,2019,6.5,"254,595"
tt8936646,56, Extraction,1h 56mR,2020,6.8,"254,119"
tt2704998,57, Game Night,1h 40mR,2018,6.9,"250,596"
tt1051906,58, The Invisible Man,2h 4mR,2020,7.1,"247,395"
tt7984734,59, The Lighthouse,1h 49mR,2019,7.4,"243,403"
tt5164214,60, Ocean's Eight,1h 50mPG-13,2018,6.3,"236,258"
tt3281548,61, Little Women,2h 15mPG,2019,7.8,"232,103"
tt6806448,62, Fast & Furious Presents: Hobbs & Shaw,2h 17mPG-13,2019,6.5,"230,128"
tt1365519,63, Tomb Raider,1h 59mPG-13,2018,6.3,"223,462"
tt5083738,64, The Favourite,1h 59mR,2018,7.5,"214,791"
tt5606664,65, Doctor Sleep,2h 32mR,2019,7.3,"212,551"
tt7846844,66, Enola Holmes,2h 3mPG-13,2020,6.6,"211,859"
tt4779682,67, The Meg,1h 53mPG-13,2018,5.6,"201,680"
tt6499752,68, Upgrade,1h 40mR,2018,7.5,"200,511"
tt6565702,69, Dark Phoenix,1h 53mPG-13,2019,5.7,"199,925"
tt9620292,70, Promising Young Woman,1h 53mR,2020,7.5,"199,117"
tt1213641,71, First Man,2h 21mPG-13,2018,7.3,"198,491"
tt2873282,72, Red Sparrow,2h 20mR,2018,6.6,"197,493"
tt3741700,73, Godzilla: King of the Monsters,2h 12mPG-13,2019,6.0,"196,829"
tt1560220,74, Zombieland: Double Tap,1h 39mR,2019,6.7,"195,173"
tt8106534,75, 6 Underground,2h 8mR,2019,6.1,"191,690"
tt6450804,76, Terminator: Dark Fate,2h 8mR,2019,6.2,"189,385"
tt2066051,77, Rocketman,2h 1mR,2019,7.3,"189,183"
tt1070874,78, The Trial of the Chicago 7,2h 9mR,2020,7.7,"189,092"
tt4520988,79, Frozen II,1h 43mPG,2019,6.8,"188,083"
tt3766354,80, The Equalizer 2,2h 1mR,2018,6.7,"186,029"
tt5104604,81, Isle of Dogs,1h 41mPG-13,2018,7.8,"185,670"
tt3104988,82, Crazy Rich Asians,2hPG-13,2018,6.9,"185,039"
tt1028856,83, Another Round,1h 57mNot Rated,2020,7.7,"184,238"
tt4701182,84, Bumblebee,1h 54mPG-13,2018,6.7,"183,669"
tt1027238,85, The Father,1h 37mPG-13,2020,8.2,"181,030"
tt2231461,86, Rampage,1h 47mPG-13,2018,6.1,"180,984"
tt7556122,87, The Old Guard,2h 5mR,2020,6.7,"178,994"
tt5884052,88, Pok√©mon: Detective Pikachu,1h 44mPG,2019,6.5,"178,703"
tt5848272,89, Ralph Breaks the Internet,1h 52mPG,2018,7.0,"176,980"
tt7668870,90, Searching,1h 42mPG-13,2018,7.6,"176,831"
tt9770150,91, Nomadland,1h 47mR,2020,7.3,"176,432"
tt9484998,92, Palm Springs,1h 30mR,2020,7.4,"176,126"
tt7798634,93, Ready or Not,1h 35mR,2019,6.9,"174,418"
tt4729430,94, Klaus,1h 36mPG,2019,8.2,"174,273"
tt1502397,95, Bad Boys for Life,2h 4mR,2020,6.5,"171,228"
tt6155172,96, Roma,2h 15mR,2018,7.7,"166,837"
tt1502407,97, Halloween,1h 46mR,2018,6.5,"166,377"
tt5814060,98, The Nun,1h 36mR,2018,5.3,"165,487"
tt7146812,99, Onward,1h 42mPG,2020,7.4,"164,363"
tt6412452,100,. The Ballad of Buster Scruggs,2h 13mR,2018,7.3,"162,660"
tt1618434,101,. Murder Mystery,1h 37mPG-13,2019,6.0,"162,527"
tt8079248,102,. Yesterday,1h 56mPG-13,2019,6.8,"162,400"
tt5052474,103,. Sicario: Day of the Soldado,2h 2mR,2018,7.1,"161,723"
tt6628394,104,. Bad Times at the El Royale,2h 21mR,2018,7.1,"160,769"
tt7040874,105,. A Simple Favor,1h 57mR,2018,6.8,"158,807"
tt6266538,106,. Vice,2h 12mR,2018,7.2,"158,256"
tt4566758,107,. Mulan,1h 55mPG-13,2020,5.8,"156,572"
tt4500922,108,. Maze Runner: The Death Cure,2h 23mPG-13,2018,6.2,"156,148"
tt3794354,109,. Sonic the Hedgehog,1h 39mPG,2020,6.5,"154,253"
tt6343314,110,. Creed II,2h 10mPG-13,2018,7.1,"151,484"
tt1314396,111,. Borat Subsequent Moviefilm,1h 35mR,2020,6.6,"149,914"
tt7959026,112,. The Mule,1h 56mR,2018,7.0,"148,511"
tt7395114,113,. The Devil All the Time,2h 18mR,2020,7.1,"148,065"
tt7984766,114,. The King,2h 20mR,2019,7.3,"145,183"
tt2386490,115,. How to Train Your Dragon: The Hidden World,1h 44mPG,2019,7.4,"144,640"
tt5363618,116,. Sound of Metal,2hR,2019,7.7,"144,292"
tt2283336,117,. Men in Black: International,1h 54mPG-13,2019,5.6,"143,562"
tt2854926,118,. Tag,1h 40mR,2018,6.5,"143,470"
tt9893250,119,. I Care a Lot,1h 58mR,2020,6.4,"141,697"
tt1488606,120,. Triple Frontier,2h 5mR,2019,6.5,"140,959"
tt3829266,121,. The Predator,1h 47mR,2018,5.3,"140,786"
tt2222042,122,. Love and Monsters,1h 49mPG-13,2020,6.9,"138,610"
tt5886046,123,. Escape Room,1h 39mPG-13,2019,6.4,"137,743"
tt1571234,124,. Mortal Engines,2h 8mPG-13,2018,6.1,"135,840"
tt9495224,125,. Black Mirror: Bandersnatch,1h 30mTV-MA,2018,7.1,"134,424"
tt8110330,126,. Dil Bechara,1h 41mNot Rated,2020,8.3,"133,875"
tt5758778,127,. Skyscraper,1h 42mPG-13,2018,5.8,"131,018"
tt8404614,128,. The Two Popes,2h 5mPG-13,2019,7.6,"130,684"
tt7737786,129,. Greenland,1h 59mPG-13,2020,6.4,"128,331"
tt1489887,130,. Booksmart,1h 42mR,2019,7.1,"128,024"
tt2557478,131,. Pacific Rim: Uprising,1h 51mPG-13,2018,5.6,"124,495"
tt8244784,132,. The Hunt,1h 30mR,2020,6.5,"124,384"
tt6394270,133,. Bombshell,1h 49mR,2019,6.8,"123,964"
tt5164432,134,". Love, Simon",1h 50mPG-13,2018,7.5,"122,819"
tt1590193,135,. The Commuter,1h 44mPG-13,2018,6.3,"122,803"
tt1018951,136,. Soorarai Pottru,2h 33mTV-MA,2020,8.7,"121,757"
tt1259528,137,. Den of Thieves,2h 20mR,2018,7.0,"120,572"
tt3846674,138,. To All the Boys I've Loved Before,1h 39mTV-14,2018,7.0,"119,878"
tt1025100,139,. Gemini Man,1h 57mPG-13,2019,5.7,"119,843"
tt2139881,140,. Long Shot,2h 5mR,2019,6.8,"119,017"
tt7401588,141,. Instant Family,1h 58mPG-13,2018,7.3,"116,032"
tt4777008,142,. Maleficent: Mistress of Evil,1h 59mPG,2019,6.6,"115,532"
tt2548396,143,. The Cloverfield Paradox,1h 42mPG-13,2018,5.5,"111,024"
tt6048922,144,. Greyhound,1h 31mPG-13,2020,7.0,"108,764"
tt8503618,145,. Hamilton,2h 40mPG-13,2020,8.3,"108,052"
tt6189022,146,. Angel Has Fallen,2h 1mR,2019,6.4,"107,137"
tt1206885,147,. Rambo: Last Blood,1h 29mR,2019,6.1,"106,885"
tt5503686,148,. Hustlers,1h 50mR,2019,6.3,"105,745"
tt7752126,149,. Brightburn,1h 30mR,2019,6.1,"105,439"
tt6911608,150,. Mamma Mia! Here We Go Again,1h 54mPG-13,2018,6.6,"105,015"
tt4530422,151,. Overlord,1h 50mR,2018,6.6,"104,896"
tt8613070,152,. Portrait of a Lady on Fire,2h 2mR,2019,8.1,"104,431"
tt4218572,153,. Widows,2h 9mR,2018,6.8,"102,660"
tt8267604,154,. Capernaum,2h 6mR,2018,8.4,"100,796"
tt8580274,155,. Eurovision Song Contest: The Story of Fire Saga,2h 3mPG-13,2020,6.5,"100,270"
tt2481498,156,". Extremely Wicked, Shockingly Evil and Vile",1h 50mR,2019,6.7,"100,175"
tt8108198,157,. Andhadhun,2h 19mNot Rated,2018,8.2,"99,830"
tt1860242,158,. The Highwaymen,2h 12mR,2019,6.9,"99,310"
tt4364194,159,. The Peanut Butter Falcon,1h 37mPG-13,2019,7.6,"98,992"
tt6292852,160,. I Am Mother,1h 53mTV-14,2019,6.7,"97,237"
tt0837563,161,. Pet Sematary,1h 40mR,2019,5.7,"97,070"
tt9071322,162,. Dark Waters,2h 6mPG-13,2019,7.6,"96,928"
tt7939766,163,. I'm Thinking of Ending Things,2h 14mR,2020,6.6,"96,858"
tt4139588,164,. Polar,1h 58mTV-MA,2019,6.3,"96,724"
tt7886848,165,. Sadak 2,2h 13mTV-MA,2020,1.2,"96,517"
tt2274648,166,. Hellboy,2hR,2019,5.2,"96,138"
tt1088616,167,. 365 Days,1h 54mTV-MA,2020,3.3,"96,084"
tt7550000,168,. Project Power,1h 53mR,2020,6.0,"95,606"
tt8629748,169,. Spenser Confidential,1h 51mR,2020,6.2,"95,361"
tt3513548,170,. Richard Jewell,2h 11mR,2019,7.5,"95,155"
tt7838252,171,. K.G.F: Chapter 1,2h 34mNot Rated,2018,8.2,"95,009"
tt6878306,172,. News of the World,1h 58mPG-13,2020,6.8,"93,724"
tt5028340,173,. Mary Poppins Returns,2h 10mPG,2018,6.7,"93,395"
tt1226837,174,. Beautiful Boy,2hR,2018,7.4,"92,783"
tt6924650,175,. Midway,2h 18mPG-13,2019,6.7,"92,301"
tt1063345,176,. Minari,1h 55mPG-13,2020,7.4,"91,987"
tt8364368,177,. Crawl,1h 27mR,2019,6.1,"91,964"
tt8633478,178,. Run,1h 30mPG-13,2020,6.7,"91,711"
tt5774060,179,. Underwater,1h 35mPG-13,2020,5.9,"91,474"
tt3799232,180,. The Kissing Booth,1h 45mTV-14,2018,5.9,"90,621"
tt7456310,181,. Anna,1h 58mR,2019,6.6,"90,487"
tt1413492,182,. 12 Strong,2h 10mR,2018,6.5,"89,720"
tt1034415,183,. Suspiria,2h 32mR,2018,6.7,"88,819"
tt4332232,184,. Fractured,1h 39mTV-MA,2019,6.4,"88,196"
tt1146482,185,. The Social Dilemma,1h 34mPG-13,2020,7.6,"87,849"
tt4003440,186,. The House That Jack Built,2h 32mR,2018,6.8,"87,742"
tt1053960,187,. The Midnight Sky,1h 58mPG-13,2020,5.7,"87,696"
tt4682266,188,. The New Mutants,1h 34mPG-13,2020,5.3,"86,953"
tt6998518,189,. Mandy,2h 1mNot Rated,2018,6.5,"86,665"
tt3224458,190,. A Beautiful Day in the Neighborhood,1h 49mPG,2019,7.2,"86,372"
tt5688932,191,. Sorry to Bother You,1h 52mR,2018,6.9,"86,273"
tt6513120,192,. Fighting with My Family,1h 48mPG-13,2019,7.1,"86,067"
tt4560436,193,. Mile 22,1h 34mR,2018,6.1,"85,336"
tt8623904,194,. Last Christmas,1h 43mPG-13,2019,6.5,"85,217"
tt8350360,195,. Annabelle Comes Home,1h 46mR,2019,5.9,"84,735"
tt8695030,196,. The Dead Don't Die,1h 44mR,2019,5.5,"83,890"
tt2531344,197,. Blockers,1h 42mR,2018,6.2,"83,588"
tt3387520,198,. Scary Stories to Tell in the Dark,1h 48mPG-13,2019,6.2,"83,574"
tt8075192,199,. Shoplifters,2h 1mR,2018,7.9,"83,522"
tt8155288,200,. Happy Death Day 2U,1h 40mPG-13,2019,6.2,"83,172"
tt1634106,201,. Bloodshot,1h 49mPG-13,2020,5.7,"83,011"
tt4575576,202,. Christopher Robin,1h 44mPG,2018,7.2,"82,777"
tt5220122,203,. Hotel Transylvania 3: Summer Vacation,1h 37mPG,2018,6.3,"82,427"
tt6663582,204,. The Spy Who Dumped Me,1h 57mR,2018,6.0,"81,687"
tt1055423,205,. Dara of Jasenovac,2h 10mR,2020,8.1,"81,651"
tt2709692,206,. The Grinch,1h 25mPG,2018,6.4,"81,149"
tt6921996,207,. Johnny English Strikes Again,1h 29mPG,2018,6.2,"81,141"
tt3861390,208,. Dumbo,1h 52mPG,2019,6.3,"81,048"
tt7014006,209,. Eighth Grade,1h 33mR,2018,7.4,"81,031"
tt1061828,210,. Mank,2h 11mR,2020,6.8,"80,817"
tt6977338,211,. Good Boys,1h 30mR,2019,6.7,"79,288"
tt2990140,212,. The Christmas Chronicles,1h 44mPG,2018,7.0,"79,274"
tt6472976,213,. Five Feet Apart,1h 56mPG-13,2019,7.2,"79,169"
tt6679794,214,. Outlaw King,2h 1mR,2018,6.9,"78,637"
tt4532826,215,. Robin Hood,1h 56mPG-13,2018,5.3,"78,136"
tt5033998,216,. Charlie's Angels,1h 58mPG-13,2019,5.0,"78,118"
tt8359848,217,. Climax,1h 37mR,2018,6.9,"76,678"
tt7638348,218,. Boss Level,1h 40mTV-MA,2020,6.8,"76,628"
tt5719748,219,. Cold Pursuit,1h 59mR,2019,6.2,"75,672"
tt5613484,220,. Mid90s,1h 25mR,2018,7.3,"75,196"
tt1137450,221,. Death Wish,1h 47mR,2018,6.3,"75,146"
tt7775622,222,. Free Solo,1h 40mPG-13,2018,8.1,"74,957"
tt9866072,223,. Holidate,1h 44mTV-MA,2020,6.1,"74,835"
tt1005951,224,. Unhinged,1h 30mR,2020,6.0,"74,804"
tt9686708,225,. The King of Staten Island,2h 16mR,2020,7.1,"74,799"
tt3513498,226,. The Lego Movie 2: The Second Part,1h 47mPG,2019,6.6,"74,579"
tt1028027,227,. Coolie No. 1,2h 14mTV-14,2020,4.2,"74,037"
tt4916630,228,. Just Mercy,2h 17mPG-13,2019,7.6,"73,725"
tt7282468,229,. Burning,2h 28mNot Rated,2018,7.5,"73,213"
tt2452244,230,. Isn't It Romantic,1h 29mPG-13,2019,5.9,"72,842"
tt8688634,231,. 21 Bridges,1h 39mR,2019,6.6,"72,098"
tt4477536,232,. Fifty Shades Freed,1h 45mR,2018,4.5,"71,733"
tt8368406,233,. Vivarium,1h 37mR,2019,5.9,"70,499"
tt8291224,234,. Uri: The Surgical Strike,2h 18mNot Rated,2019,8.2,"69,831"
tt8368512,235,. The Courier,1h 52mPG-13,2020,7.2,"69,774"
tt1846589,236,. Hunter Killer,2h 1mR,2018,6.6,"69,750"
tt5726086,237,. Insidious: The Last Key,1h 43mPG-13,2018,5.7,"69,681"
tt1091938,238,. Freaky,1h 42mR,2020,6.3,"69,593"
tt6673612,239,. Dolittle,1h 41mPG,2020,5.6,"69,387"
tt6850820,240,. Peppermint,1h 41mR,2018,6.5,"69,267"
tt1103237,241,. Demon Slayer: Kimetsu no Yaiba - The Movie: Mugen Train,1h 57mTV-14,2020,8.2,"69,132"
tt4971344,242,. The Sisters Brothers,2h 2mR,2018,6.9,"69,081"
tt8637428,243,. The Farewell,1h 40mPG,2019,7.5,"69,064"
tt5461944,244,. Hotel Mumbai,2h 3mR,2018,7.6,"68,916"
tt6133466,245,. The First Purge,1h 37mR,2018,5.2,"68,852"
tt6902676,246,. Guns Akimbo,1h 38mR,2019,6.3,"67,543"
tt5113040,247,. The Secret Life of Pets 2,1h 26mPG,2019,6.4,"67,170"
tt6475714,248,. Monster Hunter,1h 43mPG-13,2020,5.2,"66,086"
tt4244998,249,. Alpha,1h 36mPG-13,2018,6.6,"65,417"
tt7043012,250,. Velvet Buzzsaw,1h 53mR,2019,5.7,"64,949"
tt2388771,251,. Mowgli: Legend of the Jungle,1h 44mPG-13,2018,6.5,"64,861"
tt9731534,252,. The Night House,1h 47mR,2020,6.5,"64,250"
tt1298644,253,. The Hustle,1h 33mPG-13,2019,5.4,"64,093"
tt8526872,254,. Dolemite Is My Name,1h 58mR,2019,7.2,"63,881"
tt3892172,255,. Leave No Trace,1h 49mPG,2018,7.1,"63,841"
tt6079516,256,. I See You,1h 38mR,2019,6.8,"63,392"
tt4126476,257,. After,1h 45mPG-13,2019,5.3,"63,006"
tt6742252,258,. The Guilty,1h 25mR,2018,7.5,"62,985"
tt4687108,259,. In the Tall Grass,1h 41mTV-MA,2019,5.5,"62,841"
tt6908274,260,. Mirage,2h 8mTV-MA,2018,7.4,"62,239"
tt5610554,261,. Tully,1h 35mR,2018,6.9,"62,191"
tt8291806,262,. Pain and Glory,1h 53mR,2019,7.5,"62,009"
tt0385887,263,. Motherless Brooklyn,2h 24mR,2019,6.8,"61,651"
tt6772950,264,. Truth or Dare,1h 40mPG-13,2018,5.2,"61,614"
tt6398184,265,. Downton Abbey,2h 2mPG,2019,7.4,"61,360"
tt7374948,266,. Always Be My Maybe,1h 41mPG-13,2019,6.8,"61,279"
tt1288846,267,. My Octopus Teacher,1h 25mTV-G,2020,8.1,"61,141"
tt8784956,268,. Ava,1h 36mR,2020,5.4,"60,970"
tt6543652,269,. Cold War,1h 29mR,2018,7.5,"60,841"
tt9052870,270,. Chhichhore,2h 23mNot Rated,2019,8.3,"60,729"
tt5304992,271,. Set It Up,1h 45mTV-14,2018,6.5,"60,678"
tt6306064,272,. Adrift,1h 36mPG-13,2018,6.6,"60,481"
tt9214832,273,. Emma.,2h 4mPG,2020,6.7,"60,331"
tt1165520,274,. Riders of Justice,1h 56mNot Rated,2020,7.5,"59,497"
tt8110640,275,. In the Shadow of the Moon,1h 55mTV-MA,2019,6.2,"59,146"
tt6452574,276,. Sanju,2h 35mTV-MA,2018,7.6,"59,031"
tt7958736,277,. Ma,1h 39mR,2019,5.6,"58,401"
tt1035092,278,. Laxmii,2h 21mTV-MA,2020,2.5,"58,348"
tt6217306,279,. Apostle,2h 10mTV-MA,2018,6.3,"57,684"
tt4463894,280,. Shaft,1h 51mR,2019,6.4,"57,626"
tt1068226,281,. Hubie Halloween,1h 43mPG-13,2020,5.2,"57,202"
tt5834262,282,. Hotel Artemis,1h 34mR,2018,6.1,"57,154"
tt1051422,283,. Ma Rainey's Black Bottom,1h 34mR,2020,6.9,"56,879"
tt6820256,284,. Arctic,1h 38mPG-13,2018,6.8,"56,875"
tt5968394,285,. Captive State,1h 49mPG-13,2019,6.0,"56,726"
tt5246700,286,. How It Ends,1h 53mTV-MA,2018,5.0,"56,696"
tt0983946,287,. Fantasy Island,1h 49mPG-13,2020,4.9,"56,603"
tt6791096,288,. I Feel Pretty,1h 50mPG-13,2018,5.6,"56,486"
tt8239946,289,. Tumbbad,1h 44mNot Rated,2018,8.2,"56,355"
tt4913966,290,. The Curse of La Llorona,1h 33mR,2019,5.2,"56,308"
tt3201640,291,. Extinction,1h 35mTV-MA,2018,5.8,"56,307"
tt1838556,292,. Honest Thief,1h 39mPG-13,2020,6.0,"55,908"
tt7668842,293,. Enes Batur: Imagination or Reality?,1h 50m,2018,2.0,"55,850"
tt7825208,294,. Marighella,2h 35m,2019,7.1,"55,842"
tt8663516,295,. Child's Play,1h 30mR,2019,5.7,"55,482"
tt4595882,296,. Can You Ever Forgive Me?,1h 46mR,2018,7.1,"55,254"
tt5814534,297,. Spies in Disguise,1h 42mPG,2019,6.8,"54,881"
tt1116147,298,. Pieces of a Woman,2h 6mR,2020,7.0,"54,726"
tt5697572,299,. Cats,1h 50mPG,2019,2.8,"54,725"
tt2119543,300,. The House with a Clock in Its Walls,1h 45mPG,2018,6.1,"54,517"
tt7347846,301,. The Lodge,1h 48mR,2019,6.0,"54,423"
tt7504726,302,. The Call of the Wild,1h 40mPG,2020,6.7,"54,416"
tt9777644,303,. Da 5 Bloods,2h 34mR,2020,6.5,"54,371"
tt5073642,304,. Color Out of Space,1h 51mUnrated,2019,6.2,"54,332"
tt2328900,305,. Mary Queen of Scots,2h 4mR,2018,6.3,"54,083"
tt5865326,306,. The Laundromat,1h 36mR,2019,6.3,"54,000"
tt7549996,307,. Judy,1h 58mPG-13,2019,6.8,"53,958"
tt0800325,308,. The Dirt,1h 47mTV-MA,2019,7.0,"53,897"
tt5116302,309,. Togo,1h 53mPG,2019,7.9,"53,779"
tt1043150,310,. Miracle in Cell No. 7,2h 12mTV-14,2019,8.2,"53,716"
tt6491178,311,. Dragged Across Concrete,2h 39mR,2018,6.9,"53,386"
tt5783956,312,. When We First Met,1h 37mTV-14,2018,6.4,"52,959"
tt5431890,313,. Official Secrets,1h 52mR,2019,7.3,"52,872"
tt1086064,314,. Bill & Ted Face the Music,1h 31mPG-13,2020,5.9,"51,978"
tt9426210,315,. Weathering with You,1h 52mPG-13,2019,7.5,"51,923"
tt7125860,316,. If Beale Street Could Talk,1h 59mR,2018,7.1,"51,696"
tt8544498,317,. The Way Back,1h 48mR,2020,6.7,"51,484"
tt9412098,318,. Fyre,1h 37mTV-MA,2019,7.2,"51,023"
tt1289403,319,. The Guernsey Literary and Potato Peel Pie Society,2h 4mTV-14,2018,7.3,"50,990"
tt2850386,320,. The Croods: A New Age,1h 35mPG,2020,6.9,"50,770"
tt5177088,321,. The Girl in the Spider's Web,1h 55mR,2018,6.1,"50,657"
tt7734218,322,. Stuber,1h 33mR,2019,6.2,"50,570"
tt7315484,323,. The Silence,1h 30mPG-13,2019,5.3,"49,588"
tt5932728,324,. The Professor and the Madman,2h 4mNot Rated,2019,7.2,"49,542"
tt7153766,325,. Unsane,1h 38mR,2018,6.4,"49,141"
tt7139936,326,. A Rainy Day in New York,1h 32mPG-13,2019,6.5,"49,116"
tt5691670,327,. Under the Silver Lake,2h 19mR,2018,6.5,"48,997"
tt1102427,328,. The Babysitter: Killer Queen,1h 41mTV-MA,2020,5.8,"48,993"
tt7060344,329,. Raatchasan,2h 50mNot Rated,2018,8.3,"48,903"
tt2837574,330,. The Old Man & the Gun,1h 33mPG-13,2018,6.7,"48,871"
tt8236336,331,. The Report,1h 59mR,2019,7.2,"48,591"
tt7772580,332,. The Perfection,1h 30mTV-MA,2018,6.2,"48,431"
tt7431594,333,. Race 3,2h 40mNot Rated,2018,1.9,"48,185"
tt6212478,334,. American Animals,1h 56mR,2018,7.0,"48,143"
tt5397194,335,. Anon,1h 40mTV-MA,2018,6.1,"47,688"
tt1620680,336,. A Wrinkle in Time,1h 49mPG,2018,4.3,"47,167"
tt5208252,337,. Operation Finale,2h 2mPG-13,2018,6.6,"47,146"
tt8508734,338,. His House,1h 33mTV-14,2020,6.5,"46,948"
tt5117670,339,. Peter Rabbit,1h 35mPG,2018,6.6,"46,715"
tt5563334,340,. The Good Liar,1h 49mR,2019,6.7,"46,013"
tt1062086,341,. #Alive,1h 38mTV-MA,2020,6.3,"45,912"
tt2235695,342,. Rebecca,2h 3mPG-13,2020,6.0,"45,499"
tt6772802,343,. Hillbilly Elegy,1h 56mR,2020,6.7,"45,335"
tt3361792,344,. Tolkien,1h 52mPG-13,2019,6.8,"45,204"
tt0805647,345,. The Witches,1h 46mPG,2020,5.4,"45,008"
tt8522006,346,. Happiest Season,1h 42mPG-13,2020,6.6,"44,982"
tt5774450,347,. Summer of 84,1h 45mNot Rated,2018,6.7,"44,765"
tt9354842,348,. To All the Boys: P.S. I Still Love You,1h 41mTV-14,2020,6.0,"44,755"
tt7557108,349,. Saint Maud,1h 24mR,2019,6.7,"44,613"
tt6476140,350,. Serenity,1h 46mR,2019,5.4,"44,045"
tt1620981,351,. The Addams Family,1h 26mPG,2019,5.8,"44,023"
tt9619798,352,. The Wrong Missy,1h 30mTV-MA,2020,5.7,"44,009"
tt1003934,353,. Countdown,1h 30mPG-13,2019,5.4,"43,763"
tt5918982,354,. Possessor,1h 43mR,2020,6.5,"43,653"
tt6803046,355,. The Vast of Night,1h 31mPG-13,2019,6.7,"43,507"
tt6781982,356,. Night School,1h 51mPG-13,2018,5.6,"43,495"
tt6259380,357,. Code 8,1h 38mNot Rated,2019,6.1,"43,362"
tt7985648,358,. The Legend of Tomiris,2h 36mTV-14,2019,6.2,"42,923"
tt7533152,359,. The Boy Who Harnessed the Wind,1h 53mTV-PG,2019,7.6,"42,728"
tt8206668,360,. Bad Education,1h 48mTV-MA,2019,7.1,"42,725"
tt7212754,361,. Ludo,2h 30mTV-MA,2020,7.6,"42,526"
tt2395469,362,. Gully Boy,2h 34mNot Rated,2019,7.9,"42,525"
tt8201170,363,. The Perfect Date,1h 29mTV-14,2019,5.8,"42,229"
tt6182908,364,. Smallfoot,1h 36mPG,2018,6.6,"42,134"
tt9683478,365,. The Half of It,1h 44mPG-13,2020,6.9,"42,109"
tt5797184,366,. Escape from Pretoria,1h 46mPG-13,2020,6.8,"41,898"
tt6324278,367,. Abominable,1h 37mPG,2019,7.0,"41,526"
tt5001754,368,. Braven,1h 34mR,2018,5.9,"41,455"
tt4537896,369,. White Boy Rick,1h 51mR,2018,6.5,"41,413"
tt7008872,370,. Boy Erased,1h 55mR,2018,6.9,"41,396"
tt4154916,371,. Replicas,1h 47mPG-13,2018,5.4,"41,236"
tt1053017,372,. The Call,1h 52mTV-MA,2020,7.1,"41,074"
tt1833116,373,. The Informer,1h 53mR,2019,6.6,"40,856"
tt3120280,374,. Sierra Burgess Is a Loser,1h 45mPG-13,2018,5.8,"40,706"
tt1563742,375,. Overboard,1h 52mPG-13,2018,6.0,"40,615"
tt8151874,376,. Honey Boy,1h 34mR,2019,7.2,"40,101"
tt7339248,377,. The Art of Self-Defense,1h 44mR,2019,6.6,"40,095"
tt6107548,378,. Late Night,1h 42mR,2019,6.5,"40,057"
tt9900782,379,. Kaithi,2h 25mNot Rated,2019,8.4,"40,054"
tt5294518,380,. Eli,1h 38mR,2019,5.8,"39,931"
tt5057140,381,. Hold the Dark,2h 5mTV-MA,2018,5.6,"39,660"
tt4827558,382,. High Life,1h 53mR,2018,5.8,"39,498"
tt3385524,383,. Stan & Ollie,1h 38mPG,2018,7.2,"39,329"
tt5580266,384,. The Hate U Give,2h 13mPG-13,2018,7.5,"39,265"
tt3833480,385,. The Outpost,2h 3mR,2019,6.8,"38,988"
tt5619332,386,. Life of the Party,1h 45mPG-13,2018,5.6,"38,784"
tt6938828,387,. At Eternity's Gate,1h 51mPG-13,2018,6.9,"38,753"
tt9016974,388,. Synchronic,1h 42mR,2019,6.2,"38,752"
tt8781414,389,. Freaks,1h 45mR,2018,6.7,"38,671"
tt1255919,390,. Holmes & Watson,1h 30mPG-13,2018,3.9,"38,608"
tt6697582,391,. Arif V 216,2h 5m,2018,7.0,"38,375"
tt7664504,392,. Three Identical Strangers,1h 36mPG-13,2018,7.6,"38,282"
tt6195094,393,. Incident in a Ghostland,1h 31mNot Rated,2018,6.4,"37,951"
tt1274959,394,. Host,57mNot Rated,2020,6.5,"37,645"
tt7905466,395,. They Shall Not Grow Old,1h 39mR,2018,8.2,"37,594"
tt8983202,396,. Kabir Singh,2h 53mNot Rated,2019,7.0,"37,574"
tt1464763,397,. Mute,2h 6mTV-MA,2018,5.4,"37,545"
tt4964788,398,. Everybody Knows,2h 13mR,2018,6.9,"37,446"
tt8108202,399,. Stree,2h 8mNot Rated,2018,7.5,"37,422"
tt4669788,400,. On the Basis of Sex,2hPG-13,2018,7.1,"37,411"
tt5690360,401,. Slender Man,1h 33mPG-13,2018,3.2,"37,325"
tt4761916,402,. Unfriended: Dark Web,1h 32mR,2018,6.0,"37,277"
tt8633462,403,". Quo Vadis, Aida?",1h 41mApproved,2020,8.0,"37,184"
tt2639336,404,. Greta,1h 38mR,2018,6.0,"37,086"
tt5198068,405,. Wolfwalkers,1h 43mPG,2020,8.0,"37,073"
tt3907584,406,. All the Bright Places,1h 47mTV-MA,2020,6.6,"36,961"
tt7725596,407,. Badhaai Ho,2h 4mNot Rated,2018,7.9,"36,858"
tt1000300,408,. The Rental,1h 28mR,2020,5.7,"36,852"
tt7280898,409,. 22 July,2h 23mR,2018,6.8,"36,657"
tt1036246,410,. After We Collided,1h 45mR,2020,5.0,"36,645"
tt8850222,411,. Peninsula,1h 56mNot Rated,2020,5.5,"36,566"
tt4878482,412,. Dumplin',1h 50mPG-13,2018,6.5,"36,556"
tt7608028,413,. The Open House,1h 34mTV-MA,2018,3.3,"36,449"
tt6141246,414,. The Aeronauts,1h 40mPG-13,2019,6.6,"36,427"
tt1478839,415,. The Art of Racing in the Rain,1h 49mPG,2019,7.5,"36,418"
tt5867314,416,. The Empty Man,2h 17mR,2020,6.2,"36,312"
tt1072748,417,. Winchester,1h 39mPG-13,2018,5.4,"36,222"
tt9784456,418,. The Kissing Booth 2,2h 14mTV-14,2020,5.7,"36,105"
tt5523010,419,. The Nutcracker and the Four Realms,1h 39mPG,2018,5.6,"36,054"
tt1032414,420,. Article 15,2h 10mNot Rated,2019,8.1,"35,992"
tt6865690,421,. The Professor,1h 30mR,2018,6.7,"35,943"
tt9398640,422,. Between Two Ferns: The Movie,1h 22mTV-MA,2019,6.1,"35,911"
tt3256226,423,. IO,1h 36mTV-14,2019,4.8,"35,891"
tt5935704,424,. Padmaavat,2h 43mNot Rated,2018,7.0,"35,759"
tt2076298,425,. Ip Man 4: The Finale,1h 47mNot Rated,2019,7.0,"35,754"
tt9806192,426,. I Lost My Body,1h 21m16+,2019,7.5,"35,745"
tt8108268,427,. The Tashkent Files,2h 14mNot Rated,2019,8.1,"35,668"
tt1052109,428,. The Forgotten Battle,2h 4mTV-MA,2020,7.1,"35,653"
tt8108274,429,. Tanhaji: The Unsung Warrior,2h 15mNot Rated,2020,7.5,"35,498"
tt7485048,430,. Super 30,2h 34mNot Rated,2019,7.9,"35,412"
tt1035062,431,. Gunjan Saxena: The Kargil Girl,1h 52mTV-14,2020,5.5,"35,359"
tt4073790,432,. The Darkest Minds,1h 44mPG-13,2018,5.7,"35,323"
tt9606374,433,. On the Rocks,1h 36mR,2020,6.4,"35,271"
tt8361028,434,. Cam,1h 34mTV-MA,2018,5.9,"35,261"
tt7605074,435,. The Wandering Earth,2h 5m13+,2019,5.9,"35,189"
tt6802308,436,. The 15:17 to Paris,1h 34mPG-13,2018,5.3,"35,148"
tt7019842,437,. 96,2h 38mNot Rated,2018,8.5,"34,980"
tt4799066,438,. Midnight Sun,1h 31mPG-13,2018,6.6,"34,947"
tt6535880,439,. Haunt,1h 32mR,2019,6.3,"34,710"
tt6513656,440,. Escape Plan 2: Hades,1h 36mR,2018,3.9,"34,404"
tt4068576,441,. The Nightingale,2h 16mR,2018,7.3,"34,343"
tt8722346,442,. Queen & Slim,2h 12mR,2019,7.1,"34,034"
tt1198989,443,. David Attenborough: A Life on Our Planet,1h 23mPG,2020,8.9,"33,942"
tt4357394,444,. Tau,1h 37mR,2018,5.8,"33,897"
tt9340860,445,. Let Him Go,1h 53mR,2020,6.7,"33,889"
tt6095472,446,. The Angry Birds Movie 2,1h 37mPG,2019,6.4,"33,775"
tt1061292,447,. One Night in Miami...,1h 54mR,2020,7.1,"33,744"
tt1105764,448,. The Christmas Chronicles: Part Two,1h 52mPG,2020,6.0,"33,694"
tt8242084,449,. My Spy,1h 39mPG-13,2020,6.3,"33,640"
tt1285009,450,. The Strangers: Prey at Night,1h 25mR,2018,5.2,"33,619"
tt6285944,451,. The Banker,2hPG-13,2020,7.3,"33,612"
tt7547410,452,. Dora and the Lost City of Gold,1h 42mPG,2019,6.1,"33,585"
tt5501104,453,. Border,1h 50mR,2018,7.0,"33,411"
tt9086228,454,. Gretel & Hansel,1h 27mPG-13,2020,5.5,"33,221"
tt7098658,455,. Raazi,2h 18mNot Rated,2018,7.7,"33,133"
tt4986098,456,. The Titan,1h 37mTV-MA,2018,4.8,"33,014"
tt7946422,457,. Prospect,1h 40mR,2018,6.3,"32,910"
tt6269368,458,. The Clovehitch Killer,1h 49mUnrated,2018,6.5,"32,724"
tt3317234,459,". Game Over, Man!",1h 41mTV-MA,2018,5.4,"32,640"
tt9477520,460,. Asuran,2h 21mNot Rated,2019,8.4,"32,475"
tt6987770,461,. Destination Wedding,1h 27mR,2018,6.0,"32,400"
tt6218358,462,. Calibre,1h 41mTV-MA,2018,6.8,"32,359"
tt9196192,463,. Cuties,1h 36mTV-MA,2020,3.6,"32,353"
tt7242142,464,. Blindspotting,1h 35mR,2018,7.4,"32,333"
tt7721800,465,. Bharat,2h 30mNot Rated,2019,4.7,"32,076"
tt4995776,466,. The Red Sea Diving Resort,2h 9mTV-MA,2019,6.6,"31,786"
tt3721964,467,. Gringo,1h 51mR,2018,6.1,"31,711"
tt6436726,468,. 7500,1h 33mR,2019,6.3,"31,700"
tt6857166,469,. Book Club,1h 44mPG-13,2018,6.1,"31,661"
tt1298789,470,. American Murder: The Family Next Door,1h 23mTV-MA,2020,7.2,"31,528"
tt5144174,471,. The Dry,1h 57mR,2020,6.8,"31,257"
tt7137380,472,. Destroyer,2h 1mR,2018,6.2,"31,227"
tt7430722,473,. War,2h 31mNot Rated,2019,6.5,"31,139"
tt9354944,474,. Jexi,1h 24mR,2019,6.0,"30,869"
tt5929754,475,. Wildlife,1h 45mPG-13,2018,6.8,"30,761"
tt9573980,476,. Leaving Neverland,4hTV-MA,2019,7.0,"30,740"
tt7634968,477,. What Men Want,1h 57mR,2019,5.4,"30,708"
tt7961060,478,. Dragon Ball Super: Broly,1h 40mPG,2018,7.7,"30,619"
tt7772582,479,. Never Rarely Sometimes Always,1h 41mPG-13,2020,7.4,"30,506"
tt8954732,480,. The Princess Switch,1h 41mTV-PG,2018,6.1,"30,300"
tt8130968,481,. Badla,1h 58mNot Rated,2019,7.8,"30,204"
tt1131714,482,. Shiva Baby,1h 17mNot Rated,2020,7.1,"30,110"
tt7329656,483,. 47 Meters Down: Uncaged,1h 30mPG-13,2019,5.0,"30,069"
tt3089630,484,. Artemis Fowl,1h 35mPG,2020,4.3,"30,045"
tt2762506,485,. Bacurau,2h 11mNot Rated,2019,7.3,"29,959"
tt7149730,486,. The Silencing,1h 33mR,2020,6.2,"29,926"
tt1308728,487,. The Happytime Murders,1h 31mR,2018,5.5,"29,906"
tt4648786,488,. Harriet,2h 5mPG-13,2019,6.7,"29,801"
tt9691136,489,. Shadow in the Cloud,1h 23mR,2020,5.0,"29,775"
tt6288124,490,". Don't Worry, He Won't Get Far on Foot",1h 54mR,2018,6.8,"29,685"
tt2126357,491,. Second Act,1h 43mPG-13,2018,5.8,"29,655"
tt6527426,492,. Zero,2h 44mNot Rated,2018,5.2,"29,653"
tt9252468,493,. Mosul,1h 41mTV-MA,2019,7.1,"29,652"
tt1138238,494,. The Dissident,1h 59mPG-13,2020,7.8,"29,583"
tt3152592,495,. Scoob!,1h 33mPG,2020,5.6,"29,336"
tt9072352,496,. Relic,1h 29mR,2020,6.0,"29,282"
tt1006569,497,. Antebellum,1h 45mR,2020,5.8,"29,199"
tt8652728,498,. Waves,2h 15mR,2019,7.5,"29,103"
tt7748244,499,. Mortal World,1h 47m,2018,7.6,"29,052"
tt6768578,500,. Dogman,1h 43mNot Rated,2018,7.2,"28,823"
